City_ID,City,Lat,Lng,Max Temp,Humidity,Cloudiness,Wind Speed,Country,Date
0,ilulissat,69.2167,-51.1,0.010000000000047748,47,20,4.63,GL,1684763182
1,berber,18.0216,33.983,40.69,8,0,5.84,SD,1684763182
2,grytviken,-54.2811,-36.5092,5.090000000000032,95,100,2.78,GS,1684763182
3,veraval,20.9,70.3667,29.160000000000025,74,0,5.42,IN,1684763182
4,puerto natales,-51.7236,-72.4875,2.25,64,75,5.66,CL,1684763182
5,port-aux-francais,-49.35,70.2167,6.57000000000005,89,31,8.99,TF,1684763182
6,cabo san lucas,22.8909,-109.9124,28.170000000000016,22,0,4.63,MX,1684763182
7,bredasdorp,-34.5322,20.0403,16.99000000000001,49,100,3.37,ZA,1684763182
8,west island,-12.1568,96.8225,27.99000000000001,78,40,2.57,CC,1684763183
9,callaway,30.153,-85.5699,25.53000000000003,76,75,0.89,US,1684763183
10,burang,30.25,81.1667,4.100000000000023,74,34,2.44,CN,1684763183
11,sambava,-14.2667,50.1667,26.04000000000002,75,2,2.29,MG,1684763183
12,ushuaia,-54.8,-68.3,-0.18999999999999773,69,0,2.57,AR,1684762897
13,anadyr,64.75,177.4833,-1.7199999999999704,100,100,2.0,RU,1684763183
14,luderitz,-26.6481,15.1594,19.950000000000045,56,2,4.71,NA,1684763183
15,zhosaly,45.4878,64.0781,28.660000000000025,17,63,5.31,KZ,1684763183
16,lebu,-37.6167,-73.65,11.010000000000048,85,24,4.8,CL,1684763183
17,nova sintra,14.8667,-24.7167,20.480000000000018,81,100,9.74,CV,1684763183
18,faya-largeau,17.9257,19.1043,44.98000000000002,7,1,3.18,TD,1684763184
19,yishui,35.7847,118.6281,16.410000000000025,35,88,0.86,CN,1684763184
20,qaqortoq,60.7167,-46.0333,2.9399999999999977,98,100,6.73,GL,1684763184
21,isafjordur,66.0755,-23.124,7.020000000000039,57,75,6.69,IS,1684763184
22,college,64.8569,-147.8028,8.990000000000009,78,100,4.12,US,1684763184
23,senanga,-16.1167,23.2667,32.64000000000004,14,55,2.78,ZM,1684763184
24,goondiwindi,-28.55,150.3167,11.260000000000048,48,0,2.81,AU,1684763185
25,youkounkoun,12.5333,-13.1333,40.27000000000004,29,35,0.88,GN,1684763185
26,alofi,-19.0595,-169.9187,19.939999999999998,94,87,2.06,NU,1684763185
27,edinburgh of the seven seas,-37.0676,-12.3116,13.350000000000023,60,71,10.75,SH,1684763185
28,huai'an,33.5886,119.0192,17.33000000000004,44,100,2.24,CN,1684763185
29,fort bragg,35.139,-79.006,22.680000000000007,76,0,2.06,US,1684763185
30,languyan,5.2618,120.0807,27.150000000000034,82,15,1.83,PH,1684763185
31,margaret river,-33.95,115.0667,17.210000000000036,84,100,3.35,AU,1684763185
32,nuuk,64.1835,-51.7216,1.3400000000000318,55,75,3.6,GL,1684763185
33,noumea,-22.2763,166.4572,22.78000000000003,99,100,6.09,NC,1684763186
34,vanimo,-2.6741,141.3028,26.03000000000003,81,100,0.79,PG,1684763186
35,kapuskasing,49.4169,-82.4331,5.0,56,20,3.6,CA,1684763186
36,buala,-8.145,159.5921,26.860000000000014,81,58,1.45,SB,1684763186
37,mogadishu,2.0371,45.3438,29.930000000000007,84,40,4.63,SO,1684763186
38,mejit,10.2753,170.8646,27.78000000000003,81,100,6.42,MH,1684763186
39,port elizabeth,-33.918,25.5701,18.939999999999998,67,20,4.47,ZA,1684763186
40,ambon,-3.6954,128.1814,27.170000000000016,81,100,6.63,ID,1684763187
41,hawaiian paradise park,19.5933,-154.9731,21.129999999999995,95,20,3.09,US,1684763187
42,kalmunai,7.4167,81.8167,27.470000000000027,80,19,4.89,LK,1684763187
43,flying fish cove,-10.4217,105.6791,25.82000000000005,88,100,4.63,CX,1684762981
44,puerto armuelles,8.2833,-82.8667,27.870000000000005,87,100,1.88,PA,1684763187
45,taroa,8.7058,171.2275,27.950000000000045,81,100,6.16,MH,1684763187
46,waitangi,-43.9535,-176.5597,12.680000000000007,76,9,2.21,NZ,1684763187
47,tromso,69.6496,18.957,15.010000000000048,44,0,1.54,NO,1684763188
48,adamstown,-25.066,-130.1015,24.360000000000014,79,100,9.04,PN,1684763188
49,santa isabel,-23.3156,-46.2214,18.610000000000014,55,100,1.1,BR,1684763188
50,vernon,50.2581,-119.2691,13.5,83,98,0.45,CA,1684762954
51,fortuna,40.5982,-124.1573,10.75,95,100,3.09,US,1684763188
52,natal,-5.795,-35.2094,29.120000000000005,79,75,5.14,BR,1684763188
53,mahabad,36.7631,45.7222,21.600000000000023,42,90,5.45,IR,1684763188
54,albany,42.6001,-73.9662,16.560000000000002,59,1,0.45,US,1684763189
55,enewetak,11.3474,162.3373,27.510000000000048,82,88,6.35,MH,1684763189
56,wailua homesteads,22.0669,-159.378,23.439999999999998,86,100,6.69,US,1684763189
57,longyearbyen,78.2186,15.6401,5.910000000000025,65,75,4.63,SJ,1684763189
58,krasnyy chikoy,50.3643,108.7512,11.629999999999995,43,89,0.68,RU,1684763189
59,dumai,1.6833,101.45,24.189999999999998,97,94,1.21,ID,1684763189
60,port alfred,-33.5906,26.891,18.99000000000001,60,95,2.97,ZA,1684763189
61,mumford,5.2618,-0.759,26.129999999999995,87,100,5.69,GH,1684763189
62,petropavlovsk-kamchatsky,53.0452,158.6483,1.330000000000041,87,75,6.0,RU,1684763190
63,blackmans bay,-43.0167,147.3167,12.07000000000005,71,63,4.07,AU,1684763190
64,yellowknife,62.456,-114.3525,8.29000000000002,66,0,6.71,CA,1684763064
65,puerto ayora,-0.7393,-90.3518,26.420000000000016,90,92,3.13,EC,1684763190
66,gadzhiyevo,69.2551,33.3362,12.770000000000039,61,100,6.24,RU,1684763191
67,papatowai,-46.5619,169.4708,9.430000000000007,85,100,4.34,NZ,1684763191
68,khost,33.3395,69.9204,27.99000000000001,31,96,8.11,AF,1684763191
69,minas de marcona,-15.2119,-75.1103,15.900000000000034,73,48,4.78,PE,1684763191
70,kourou,5.1552,-52.6478,27.03000000000003,89,100,3.67,GF,1684763191
71,jhalida,23.3667,85.9667,35.150000000000034,11,3,3.87,IN,1684763191
72,aasiaat,68.7098,-52.8699,-1.8700000000000045,72,30,9.87,GL,1684763191
73,tura,25.5198,90.2201,24.53000000000003,79,1,2.64,IN,1684763192
74,whitehorse,60.7161,-135.0538,1.4300000000000068,64,75,1.54,CA,1684763192
75,malvan,16.0667,73.4667,29.03000000000003,77,3,6.14,IN,1684763192
76,polyarnyy,69.1989,33.4478,13.0,62,100,6.16,RU,1684763192
77,kaoma,-14.7833,24.8,31.27000000000004,16,43,3.12,ZM,1684763192
78,taro,-8.3862,115.28,20.439999999999998,93,92,0.79,ID,1684763192
79,vorgashor,67.5833,63.95,8.629999999999995,96,63,3.05,RU,1684763197
80,east london,-33.0153,27.9116,18.52000000000004,42,0,4.63,ZA,1684763197
81,ribeira grande,38.5167,-28.7,19.870000000000005,82,75,7.2,PT,1684763198
82,jamestown,42.097,-79.2353,14.450000000000045,85,0,1.54,US,1684763198
83,onega,63.9061,38.1404,21.170000000000016,29,77,2.69,RU,1684763198
84,zhangatas,43.5667,69.75,23.220000000000027,32,60,4.25,KZ,1684763198
85,saint-joseph,-21.3667,55.6167,26.210000000000036,77,6,1.69,RE,1684763198
86,puerto baquerizo moreno,-0.9,-89.6,25.150000000000034,80,98,4.85,EC,1684763198
87,kodiak,57.79,-152.4072,5.730000000000018,87,100,7.2,US,1684763198
88,road town,18.4167,-64.6167,29.02000000000004,70,40,4.63,VG,1684762924
89,nombre de dios,23.85,-104.2333,13.75,44,99,1.16,MX,1684763199
90,bethel,41.3712,-73.414,19.870000000000005,71,0,1.54,US,1684763199
91,sinabang,2.4803,96.3801,26.840000000000032,84,80,3.1,ID,1684763199
92,badr hunayn,23.7829,38.7905,36.06,14,0,4.95,SA,1684763199
93,colotlan,22.1,-103.2667,21.710000000000036,47,80,0.9,MX,1684763199
94,badger,64.8,-147.5333,8.950000000000045,79,100,4.12,US,1684763199
95,sitka,57.0531,-135.33,8.939999999999998,76,75,2.57,US,1684763199
96,saldanha,-33.0117,17.9442,22.03000000000003,62,100,3.91,ZA,1684763199
97,iqaluit,63.7506,-68.5145,-8.149999999999977,67,100,5.66,CA,1684763199
98,bam,29.106,58.357,26.52000000000004,36,100,6.76,IR,1684763199
99,talnakh,69.4865,88.3972,0.6700000000000159,100,100,1.95,RU,1684763200
100,ati,13.2154,18.3353,39.82000000000005,21,35,3.07,TD,1684763105
101,cerquilho,-23.165,-47.7436,22.860000000000014,57,100,3.14,BR,1684763200
102,callao,-12.0667,-77.15,23.160000000000025,68,100,3.09,PE,1684763200
103,korla,41.7597,86.1469,22.340000000000032,26,35,1.65,CN,1684763200
104,clifton,40.8584,-74.1638,21.29000000000002,63,0,5.14,US,1684762919
105,isiolo,0.3546,37.5822,27.260000000000048,53,76,6.43,KE,1684763200
106,avarua,-21.2078,-159.775,23.03000000000003,64,40,2.57,CK,1684763200
107,villa gesell,-37.2639,-56.973,17.810000000000002,89,100,5.01,AR,1684763200
108,tiksi,71.6872,128.8694,-12.729999999999961,92,27,2.91,RU,1684763200
109,tazovsky,67.4667,78.7,2.32000000000005,99,100,5.23,RU,1684763201
110,stanley,54.868,-1.6985,17.930000000000007,61,40,4.12,GB,1684762985
111,remire-montjoly,4.9167,-52.2667,27.02000000000004,83,100,2.06,GF,1684763201
112,du quoin,38.0114,-89.2362,21.140000000000043,94,100,2.81,US,1684763201
113,jackson,42.4165,-122.8345,10.760000000000048,85,75,2.06,US,1684763087
114,trairi,-3.2778,-39.2689,30.57000000000005,63,53,4.5,BR,1684763081
115,karasu,41.071,30.7854,16.590000000000032,81,26,3.65,TR,1684763201
116,kailua-kona,19.6406,-155.9956,23.980000000000018,97,100,3.6,US,1684763201
117,tobelo,1.7284,128.0095,27.230000000000018,80,100,1.01,ID,1684763201
118,talca,-35.4333,-71.6667,12.900000000000034,80,100,3.05,CL,1684762921
119,zheleznodorozhnyy,55.7503,38.0042,21.120000000000005,82,100,1.71,RU,1684763201
120,constantia,44.1833,28.65,18.379999999999995,73,44,5.51,RO,1684763202
121,mendi,-6.1761,143.6513,13.400000000000034,99,100,0.38,PG,1684763202
122,nchelenge,-9.3451,28.734,26.390000000000043,52,86,3.32,ZM,1684763202
123,daudnagar,25.0333,84.4,37.870000000000005,15,100,3.86,IN,1684763202
124,invercargill,-46.4,168.35,9.010000000000048,88,100,4.0,NZ,1684763202
125,mahina,-17.5065,-149.489,26.870000000000005,83,20,1.03,PF,1684763202
126,olonkinbyen,70.9221,-8.7187,1.4600000000000364,89,14,7.12,SJ,1684763202
127,leava,-14.3,-178.1667,27.720000000000027,81,21,4.82,WF,1684763202
128,uturoa,-16.7333,-151.4333,27.590000000000032,76,1,5.68,PF,1684763202
129,san borja,-14.8167,-66.85,27.640000000000043,75,74,1.72,BO,1684763202
130,betio village,1.358,172.9211,26.02000000000004,75,59,2.45,KI,1684763203
131,ulladulla,-35.35,150.4667,8.840000000000032,74,4,2.03,AU,1684763203
132,bloemhof,-27.6469,25.607,18.939999999999998,21,88,0.45,ZA,1684763203
133,leguevin,43.6003,1.2324,20.590000000000032,77,75,3.6,FR,1684763203
134,addiet canna,11.2667,37.4833,26.610000000000014,23,47,2.45,ET,1684763203
135,lorengau,-2.0226,147.2712,26.74000000000001,82,100,6.46,PG,1684763203
136,lazaro cardenas,17.9583,-102.2,28.689999999999998,70,90,1.06,MX,1684763203
137,mumbwa,-14.9783,27.0619,29.310000000000002,20,82,3.23,ZM,1684763203
138,tidjikja,18.5564,-11.4271,37.19,12,26,3.94,MR,1684763203
139,ust'-barguzin,53.45,108.9833,6.980000000000018,62,95,1.06,RU,1684763203
140,melekeok village,7.4957,134.6367,25.310000000000002,94,75,0.0,PW,1684763204
141,hamilton,39.1834,-84.5333,22.629999999999995,64,40,1.54,US,1684763204
142,itati,-27.2704,-58.2446,19.220000000000027,93,100,2.24,AR,1684763204
143,sangsong-ni,39.1694,126.8856,8.75,91,43,1.23,KP,1684763204
144,georgetown,5.4112,100.3354,29.970000000000027,70,20,2.06,MY,1684762695
145,belyy yar,53.6039,91.3903,17.939999999999998,34,0,3.0,RU,1684763204
146,fale old settlement,-9.3852,-171.2468,28.410000000000025,76,72,3.9,TK,1684763204
147,fortaleza,-3.7227,-38.5247,29.560000000000002,74,75,5.66,BR,1684763153
148,cannonvale,-20.2833,148.7,19.660000000000025,71,95,6.27,AU,1684763204
149,berezovyy,51.6667,135.7,10.330000000000041,62,80,1.46,RU,1684763204
150,kayar,14.9192,-17.1211,31.53000000000003,53,24,7.03,SN,1684763204
151,pleiku,13.9833,108.0,22.03000000000003,91,100,1.94,VN,1684763205
152,utrik,11.2278,169.8474,27.78000000000003,81,100,6.28,MH,1684763205
153,bilibino,68.0546,166.4372,2.650000000000034,98,100,1.64,RU,1684763205
154,taoudenni,22.6783,-3.9836,36.05000000000001,9,46,6.44,ML,1684763205
155,nuku'alofa,-21.1333,-175.2,20.189999999999998,94,20,1.03,TO,1684763205
156,atafu village,-8.5421,-172.5159,28.410000000000025,77,99,5.23,TK,1684763205
157,amga,60.8953,131.9608,-1.079999999999984,77,15,1.22,RU,1684763205
158,weno,7.4515,151.8468,27.970000000000027,94,100,3.6,FM,1684763205
159,san julian,21.0167,-102.1667,19.460000000000036,51,39,1.59,MX,1684763205
160,aginskoye,51.1,114.53,13.860000000000014,31,0,2.21,RU,1684763205
161,happy valley-goose bay,53.3168,-60.3315,3.170000000000016,56,75,6.69,CA,1684763206
162,prestea,5.4327,-2.1428,28.610000000000014,76,100,2.32,GH,1684763206
163,tostado,-29.232,-61.7692,17.77000000000004,91,100,3.89,AR,1684763206
164,ghadamis,30.1337,9.5007,33.400000000000034,9,0,5.16,LY,1684763206
165,tottori,35.5,134.2333,13.5,90,100,0.5,JP,1684763206
166,tekirova,36.5017,30.5272,22.210000000000036,50,92,3.67,TR,1684763206
167,geraldton,-28.7667,114.6,13.230000000000018,76,99,4.12,AU,1684763155
168,jining,35.405,116.5814,19.060000000000002,34,100,0.38,CN,1684763206
169,brokopondo,4.75,-55.1667,26.78000000000003,88,79,2.62,SR,1684763206
170,maragogi,-9.0122,-35.2225,27.970000000000027,73,15,3.62,BR,1684763206
171,fort st. john,56.2499,-120.8529,10.939999999999998,100,100,5.66,CA,1684763206
172,newman,37.3138,-121.0208,17.939999999999998,80,41,0.89,US,1684763207
173,ankang,32.68,109.0172,14.629999999999995,74,12,0.57,CN,1684763207
174,richards bay,-28.783,32.0377,18.54000000000002,73,53,4.11,ZA,1684763207
175,labin,45.095,14.1197,26.140000000000043,49,7,3.47,HR,1684763207
176,iringa,-7.7667,35.7,22.620000000000005,57,75,0.0,TZ,1684763207
177,al bayda',32.7627,21.7551,18.390000000000043,63,11,10.22,LY,1684763207
178,ocos,14.5094,-92.1933,28.75,67,100,2.54,GT,1684763207
179,nar'yan-mar,67.6713,53.087,20.090000000000032,41,83,5.04,RU,1684763207
180,jayapura,-2.5333,140.7,24.660000000000025,84,100,1.46,ID,1684763207
181,hasaki,35.7333,140.8333,16.230000000000018,82,100,9.81,JP,1684763208
182,argo,37.6333,22.7333,20.439999999999998,57,99,5.14,GR,1684763208
183,cabedelo,-6.9811,-34.8339,28.370000000000005,73,41,6.77,BR,1684763093
184,norrtalje,59.758,18.705,22.100000000000023,35,100,3.29,SE,1684763208
185,udachny,66.4167,112.4,0.25,77,99,2.57,RU,1684763208
186,sant'antioco,39.0664,8.4522,19.27000000000004,69,68,2.6,IT,1684763208
187,concordia,-31.393,-58.0209,17.100000000000023,93,100,2.06,AR,1684763208
188,homer,59.6425,-151.5483,7.110000000000014,75,20,0.89,US,1684763208
189,port-gentil,-0.7193,8.7815,29.980000000000018,70,40,5.66,GA,1684763208
190,berberati,4.2612,15.7922,23.33000000000004,94,100,1.54,CF,1684763208
191,levuka,50.1834,-105.4011,10.840000000000032,52,43,4.38,CA,1684763209
192,la'ie,21.6477,-157.9253,23.980000000000018,82,59,3.13,US,1684763209
193,la passe,45.5549,-0.8967,23.129999999999995,76,92,3.29,FR,1684763209
194,punta arenas,-53.15,-70.9167,0.010000000000047748,86,40,2.06,CL,1684762940
195,shingu,33.7333,135.9833,19.08000000000004,90,100,1.62,JP,1684763209
196,kutum,14.2,24.6667,36.43000000000001,10,54,5.02,SD,1684763209
197,luganville,-15.5333,167.1667,26.010000000000048,89,96,4.3,VU,1684763209
198,st. john's,47.5649,-52.7093,14.04000000000002,94,75,6.69,CA,1684763125
199,lake arrowhead,34.2483,-117.1892,17.189999999999998,60,14,1.46,US,1684763209
200,soure,-0.7167,-48.5233,27.840000000000032,83,14,4.28,BR,1684763209
201,mili,6.0815,171.735,28.390000000000043,78,100,5.36,MH,1684763210
202,belomorsk,64.5232,34.7668,19.49000000000001,35,18,4.62,RU,1684763210
203,corner brook,48.9667,-57.9484,9.090000000000032,60,98,4.3,CA,1684763210
204,konsoy,40.4915,69.7025,27.980000000000018,26,12,3.89,TJ,1684763210
205,auki,-8.7676,160.7034,25.600000000000023,86,61,1.47,SB,1684763210
206,north bend,43.4065,-124.2243,8.930000000000007,100,0,1.54,US,1684763210
207,quirinopolis,-18.4483,-50.4517,25.590000000000032,35,100,4.08,BR,1684763210
208,ketchikan,55.3422,-131.6461,8.990000000000009,76,0,4.63,US,1684763210
209,greater sudbury,46.49,-80.99,11.140000000000043,52,42,2.24,CA,1684763062
210,vilyuchinsk,52.9306,158.4028,2.150000000000034,92,100,6.97,RU,1684763210
211,yerofey pavlovich,53.9667,121.9667,10.060000000000002,70,59,2.2,RU,1684763210
212,rongelap,11.1635,166.8941,27.74000000000001,82,100,6.05,MH,1684763211
213,huanuco,-9.9329,-76.2415,21.140000000000043,67,94,0.99,PE,1684763211
214,james city,35.0888,-77.035,21.670000000000016,70,0,3.09,US,1684763211
215,le vauclin,14.5452,-60.8388,28.03000000000003,74,75,5.14,MQ,1684763211
216,tofol,5.3248,163.0078,26.090000000000032,88,100,5.28,FM,1684763211
217,benghazi,32.1167,20.0667,20.230000000000018,77,1,6.95,LY,1684763211
218,ha'il,27.5219,41.6907,35.01000000000005,11,0,3.09,SA,1684763211
219,vilyuysk,63.7553,121.6247,0.4600000000000364,53,25,2.07,RU,1684763211
220,mount isa,-20.7333,139.5,11.870000000000005,40,1,0.0,AU,1684763211
221,tete,-16.1564,33.5867,33.879999999999995,27,0,2.71,MZ,1684763211
222,olinda,-8.0089,-34.8553,27.850000000000023,78,75,3.6,BR,1684763212
223,saint-philippe,-21.3585,55.7679,26.77000000000004,77,11,1.71,RE,1684763212
224,medicine hat,50.0501,-110.6683,15.550000000000011,77,100,4.12,CA,1684762920
225,cadale,2.7603,46.3222,28.140000000000043,76,97,6.04,SO,1684763212
226,port mathurin,-19.6833,63.4167,25.010000000000048,71,34,3.08,MU,1684763212
227,tucurui,-3.7661,-49.6725,29.05000000000001,74,48,2.15,BR,1684763212
228,hadibu,12.65,54.0333,30.980000000000018,66,81,2.77,YE,1684763212
229,haiku-pauwela,20.9219,-156.3051,23.360000000000014,76,0,6.17,US,1684763212
230,ancud,-41.8697,-73.8203,7.9500000000000455,88,92,3.97,CL,1684763212
231,rio grande,-32.035,-52.0986,22.060000000000002,85,85,3.84,BR,1684763212
232,bembereke,10.2283,2.6634,36.27000000000004,33,98,2.93,BJ,1684763213
233,campo verde,-20.4167,-54.0667,23.230000000000018,53,86,3.67,BR,1684763213
234,morehead city,34.7229,-76.726,22.24000000000001,76,0,4.47,US,1684763028
235,lata,40.1629,-8.3327,25.510000000000048,43,99,3.13,PT,1684763213
236,mbandaka,0.0487,18.2603,22.480000000000018,96,100,2.39,CD,1684763213
237,hermanus,-34.4187,19.2345,19.33000000000004,53,100,1.63,ZA,1684763213
238,akhmim,26.5622,31.745,37.110000000000014,10,18,4.06,EG,1684763213
239,kurumkan,54.3,110.3,12.78000000000003,43,99,2.58,RU,1684763213
240,iskateley,67.6803,53.1512,19.960000000000036,42,82,5.11,RU,1684763213
241,jaguarari,-10.2639,-40.1958,26.110000000000014,53,67,6.31,BR,1684763213
242,ullal,12.8,74.85,30.53000000000003,74,40,3.09,IN,1684763214
243,plettenberg bay,-34.0527,23.3716,16.57000000000005,63,100,4.48,ZA,1684763214
244,santiago de surco,-12.15,-77.0167,22.710000000000036,81,100,3.09,PE,1684763214
245,urangan,-25.3,152.9,18.610000000000014,71,0,5.11,AU,1684763214
246,pubal,37.2917,127.5078,17.689999999999998,76,0,1.03,KR,1684763214
247,djambala,-2.5447,14.7533,26.54000000000002,67,91,1.64,CG,1684763214
248,mkokotoni,-5.8767,39.2547,28.090000000000032,76,20,3.72,TZ,1684763214
249,lionel town,17.8101,-77.2406,29.939999999999998,63,5,0.75,JM,1684763214
250,qamdo,31.1667,97.2333,3.640000000000043,56,95,1.63,CN,1684763214
251,salalah,17.0151,54.0924,32.05000000000001,66,40,6.17,OM,1684763214
252,tchintabaraden,15.8969,5.7985,40.18000000000001,18,100,3.33,NE,1684763214
253,port shepstone,-30.7414,30.455,18.78000000000003,64,33,6.41,ZA,1684763189
254,salinas,36.6777,-121.6555,12.170000000000016,88,100,3.6,US,1684763064
255,itaguacu,-19.8019,-40.8556,25.49000000000001,53,100,0.32,BR,1684763215
256,qashar,53.3906,62.9297,24.879999999999995,28,69,4.2,KZ,1684763215
257,siwa oasis,29.2041,25.5195,32.170000000000016,15,0,6.72,EG,1684763215
258,ilhabela,-23.7781,-45.3581,24.730000000000018,55,98,1.3,BR,1684763215
259,waterloo,43.4668,-80.5164,13.740000000000009,65,0,5.66,CA,1684763102
260,pangody,65.85,74.4859,11.129999999999995,67,41,3.61,RU,1684763215
261,shenkursk,62.1091,42.896,21.390000000000043,40,92,0.83,RU,1684763215
262,lianyuan,27.6883,111.6642,14.980000000000018,89,100,1.35,CN,1684763216
263,port lincoln,-34.7333,135.8667,13.590000000000032,74,74,2.28,AU,1684763216
264,wenchang,30.904,118.4887,13.430000000000007,93,91,2.64,CN,1684763216
265,palikir - national government center,6.9248,158.1611,24.410000000000025,94,40,1.54,FM,1684763216
266,hluti,-27.2167,31.6167,19.060000000000002,39,50,3.59,SZ,1684763216
267,cockburn town,21.4612,-71.1419,26.670000000000016,77,100,5.8,TC,1684763216
268,tolanaro,-25.0319,46.9987,25.04000000000002,65,20,6.17,MG,1684763216
269,turpan,42.9333,89.1667,26.650000000000034,30,98,6.88,CN,1684763216
270,kegeyli shahar,42.7767,59.6078,30.05000000000001,30,100,6.56,UZ,1684763216
271,poso,-1.3959,120.7524,25.379999999999995,88,55,2.06,ID,1684763216
272,arraial do cabo,-22.9661,-42.0278,24.920000000000016,65,75,4.12,BR,1684763217
273,serra,-20.1286,-40.3078,23.03000000000003,78,75,3.09,BR,1684763217
274,fort mcmurray,56.7268,-111.381,12.730000000000018,87,75,2.06,CA,1684763217
275,santiago del torno,-17.9833,-63.3833,23.100000000000023,65,30,4.06,BO,1684763217
276,ruy barbosa,-12.2839,-40.4939,27.75,49,33,3.39,BR,1684763217
277,al ghayzah,16.2079,52.176,30.840000000000032,63,85,7.73,YE,1684763217
278,ekibastuz,51.6667,75.3667,21.390000000000043,30,56,3.86,KZ,1684763217
279,molalla,45.1473,-122.577,11.970000000000027,73,100,1.54,US,1684763217
280,kangal,39.2335,37.3911,10.590000000000032,81,100,5.97,TR,1684763217
281,prince rupert,54.3161,-130.3201,9.830000000000041,80,40,7.72,CA,1684763217
282,codrington,-38.2667,141.9667,11.930000000000007,75,100,3.8,AU,1684763217
283,kununurra,-15.7667,128.7333,18.99000000000001,37,0,3.09,AU,1684763218
284,las lomitas,-24.7096,-60.593,23.480000000000018,76,38,2.78,AR,1684763218
285,boyolangu,-8.1181,111.8935,23.590000000000032,88,67,1.77,ID,1684763218
286,nelson bay,-32.7167,152.15,12.78000000000003,80,0,2.68,AU,1684763218
287,ilaro,6.8865,3.0205,30.620000000000005,63,78,3.45,NG,1684763218
288,smithers,54.7804,-127.1743,8.180000000000007,71,40,1.03,CA,1684763141
289,mega,4.05,38.3,19.870000000000005,72,69,4.85,ET,1684763218
290,keflavik,64.0049,-22.5624,7.9500000000000455,65,75,8.75,IS,1684763219
291,farasan,16.7022,42.1183,31.53000000000003,72,0,4.78,SA,1684763219
292,afaahiti,-17.75,-149.2833,25.930000000000007,78,0,6.34,PF,1684763219
293,manicore,-5.8092,-61.3003,29.970000000000027,84,0,1.03,BR,1684763219
294,dryden,49.7833,-92.7503,8.160000000000025,61,0,4.12,CA,1684763008
295,hithadhoo,-0.6,73.0833,28.810000000000002,70,61,1.8,MV,1684763219
296,westport,41.1415,-73.3579,20.610000000000014,66,0,5.14,US,1684763107
297,nemuro,43.3236,145.575,7.050000000000011,89,100,5.65,JP,1684763219
298,bucerias,20.75,-105.3333,22.99000000000001,88,0,0.0,MX,1684763220
299,colonia,50.9333,6.95,25.54000000000002,63,20,6.17,DE,1684763220
300,isangel,-19.55,169.2667,23.170000000000016,83,100,5.65,VU,1684763220
301,namtsy,62.7161,129.6658,-0.7299999999999613,72,20,2.97,RU,1684763221
302,port douglas,-16.4833,145.4667,20.30000000000001,73,77,4.72,AU,1684763221
303,hammerfest,70.6634,23.6821,15.25,51,20,3.6,NO,1684763221
304,ulanhot,46.0833,122.0833,16.890000000000043,30,5,0.84,CN,1684763221
305,dogubayazit,39.5469,44.0842,19.200000000000045,38,85,5.0,TR,1684763221
306,tralee,52.2704,-9.7026,16.140000000000043,63,40,3.6,IE,1684763222
307,chonchi,-42.6128,-73.8092,2.5600000000000023,93,67,1.27,CL,1684763222
308,labrador city,52.9463,-66.9114,-2.0499999999999545,80,75,3.6,CA,1684763112
309,sulak,43.2734,47.5146,21.480000000000018,65,74,4.6,RU,1684763222
310,new norfolk,-42.7826,147.0587,12.720000000000027,62,97,3.58,AU,1684763222
311,klyuchi,52.2667,79.1667,20.04000000000002,35,38,2.34,RU,1684763222
312,nouadhibou,20.931,-17.0347,24.99000000000001,53,100,6.69,MR,1684763223
313,queenstown,-31.8976,26.8753,13.310000000000002,36,6,1.72,ZA,1684763223
314,kill devil hills,36.0307,-75.676,20.010000000000048,77,0,3.6,US,1684763223
315,thompson,55.7435,-97.8558,6.090000000000032,52,100,2.57,CA,1684763155
316,praia da vitoria,38.7333,-27.0667,18.75,100,75,5.7,PT,1684763223
317,aykhal,66.0,111.5,-0.9399999999999977,86,100,2.89,RU,1684763223
318,omurtag,43.1,26.4167,16.460000000000036,79,100,3.52,BG,1684763224
319,saint john's,47.5649,-52.7093,14.04000000000002,94,75,6.69,CA,1684763118
320,chilecito,-29.1619,-67.4974,17.07000000000005,46,18,2.55,AR,1684763224
321,chernyshevskiy,63.0128,112.4714,2.590000000000032,53,100,1.37,RU,1684763224
322,jerecuaro,20.15,-100.5167,20.420000000000016,59,32,0.86,MX,1684763224
323,aripuana,-9.1667,-60.6333,31.560000000000002,53,8,1.45,BR,1684763224
324,sake,-1.5736,29.045,25.340000000000032,77,75,0.59,CD,1684763224
325,lihue,21.9789,-159.3672,23.77000000000004,86,100,6.69,US,1684763225
326,cabugao,17.7931,120.4578,31.05000000000001,81,43,2.23,PH,1684763225
327,el alto,-4.2714,-81.2147,22.810000000000002,72,7,3.12,PE,1684763225
328,anna regina,7.2644,-58.5077,26.77000000000004,88,100,3.97,GY,1684763225
329,kismayo,-0.3582,42.5454,28.420000000000016,73,65,5.52,SO,1684763225
330,diego de almagro,-26.3667,-70.05,21.100000000000023,19,2,0.31,CL,1684763225
331,kpandae,8.4689,-0.0113,35.410000000000025,42,100,3.0,GH,1684763225
332,thoen,17.6129,99.2161,29.03000000000003,64,58,1.66,TH,1684763225
333,vila franca do campo,37.7167,-25.4333,20.230000000000018,64,73,2.47,PT,1684763225
334,cidreira,-30.1811,-50.2056,18.910000000000025,77,100,1.12,BR,1684763225
335,kavieng,-2.5744,150.7967,26.939999999999998,83,100,7.28,PG,1684763226
336,calabozo,8.9242,-67.4293,23.80000000000001,91,100,1.34,VE,1684763226
337,slave lake,55.2834,-114.769,12.990000000000009,100,100,1.54,CA,1684763114
338,gizo,-8.103,156.8419,28.0,78,100,2.59,SB,1684763226
339,goianesia,-15.3175,-49.1175,27.52000000000004,28,30,3.09,BR,1684763226
340,alegria,9.4669,125.5772,26.700000000000045,79,3,1.52,PH,1684763226
341,las veredas,23.1388,-109.7075,27.80000000000001,32,0,0.27,MX,1684763226
342,kapa'a,22.0752,-159.319,24.180000000000007,86,100,6.69,US,1684763227
343,zaozersk,69.4005,32.4476,12.020000000000039,60,74,6.96,RU,1684763227
344,eastham,41.8301,-69.9739,15.600000000000023,74,0,7.15,US,1684763227
345,vorkuta,67.5,64.0,9.390000000000043,95,46,3.05,RU,1684763227
346,amursk,50.2261,136.8994,9.04000000000002,76,6,1.09,RU,1684763227
347,guardo,42.7897,-4.8482,15.54000000000002,58,85,4.52,ES,1684763227
348,caleta de carquin,-11.0925,-77.6267,22.0,79,85,3.55,PE,1684763227
349,sterlibashevo,53.4376,55.2578,22.27000000000004,44,35,2.48,RU,1684763227
350,kupang,-10.1667,123.5833,24.890000000000043,74,9,6.51,ID,1684763228
351,san carlos del zulia,9.0,-71.9135,25.80000000000001,86,100,3.82,VE,1684763228
352,floro,61.5996,5.0328,20.680000000000007,82,20,6.69,NO,1684763228
353,lashio,22.9333,97.75,23.32000000000005,49,12,0.41,MM,1684763228
354,daru,-9.0763,143.2092,25.700000000000045,80,90,6.79,PG,1684763228
355,kimbe,-5.5502,150.1429,23.450000000000045,94,100,1.96,PG,1684763228
356,yeniseysk,58.4497,92.1703,12.700000000000045,58,57,2.92,RU,1684763228
357,newport,51.5877,-2.9984,21.49000000000001,71,7,6.54,GB,1684763229
358,paka,4.6374,103.4368,25.960000000000036,89,100,1.03,MY,1684763229
359,arkalyk,50.2486,66.9114,21.80000000000001,25,70,4.31,KZ,1684763229
360,mandera,3.9366,41.867,34.57000000000005,37,100,5.4,KE,1684763229
361,port sudan,19.6175,37.2164,30.480000000000018,50,0,3.84,SD,1684763229
362,sandnessjoen,66.0217,12.6316,20.29000000000002,39,0,3.6,NO,1684763229
363,khandyga,62.6667,135.6,0.11000000000001364,81,92,1.93,RU,1684763229
364,chengyang,27.0892,119.6453,20.78000000000003,98,100,0.87,CN,1684763229
365,sumbawa besar,-8.5,117.4333,22.700000000000045,90,64,1.85,ID,1684763230
366,bereket,39.2446,55.5154,34.47000000000003,21,2,1.66,TM,1684763230
367,saint-pierre,-21.3393,55.4781,26.82000000000005,74,0,1.54,RE,1684763230
368,moose jaw,50.4001,-105.5344,11.140000000000043,82,60,4.12,CA,1684763192
369,west bay,19.3667,-81.4167,28.890000000000043,83,20,2.06,KY,1684763230
370,kaa-khem,51.6833,94.7333,14.170000000000016,50,100,3.5,RU,1684763230
371,taulaga,-11.0553,-171.0883,28.25,74,100,5.6,AS,1684763230
372,lompoc,34.6391,-120.4579,12.660000000000025,85,100,4.02,US,1684763230
373,hacienda huancane,-15.8222,-70.8856,5.080000000000041,16,5,1.15,PE,1684763231
374,horta,38.5333,-28.6333,19.450000000000045,79,75,7.2,PT,1684763231
375,el granada,37.5027,-122.4694,14.360000000000014,92,100,3.6,US,1684763231
376,alesund,62.4723,6.1549,14.510000000000048,87,75,2.57,NO,1684763231
377,grenada,37.1882,-3.6067,12.730000000000018,87,100,2.06,ES,1684763231
378,amble,55.3333,-1.5833,15.170000000000016,79,100,5.66,GB,1684763231
379,mil'kovo,55.6078,37.7956,21.110000000000014,81,100,0.7,RU,1684763231
380,margate,51.3813,1.3862,18.5,74,100,3.58,GB,1684763232
381,tabas,33.5959,56.9244,34.44,14,29,3.62,IR,1684763232
382,katabu,-4.9333,122.5167,24.189999999999998,87,69,2.26,ID,1684763232
383,novodvinsk,64.4165,40.8122,22.180000000000007,23,100,1.99,RU,1684763232
384,yallahs,17.8748,-76.5624,31.010000000000048,65,1,0.7,JM,1684763232
385,san antonio de pale,-1.4014,5.6325,26.220000000000027,74,73,4.04,GQ,1684763232
386,harstad,68.799,16.5293,16.660000000000025,72,11,4.47,NO,1684763233
387,boras,57.721,12.9401,26.05000000000001,25,49,2.16,SE,1684763233
388,rechka-vydrino,51.485,104.8461,8.25,67,100,1.17,RU,1684763233
389,fisterra,42.9049,-9.2629,25.420000000000016,71,54,11.06,ES,1684763233
390,gelemso,8.8167,40.5167,23.450000000000045,58,57,2.0,ET,1684763233
391,mersa matruh,31.3525,27.2453,23.110000000000014,68,0,7.2,EG,1684763234
392,el prat de llobregat,41.3278,2.0947,24.77000000000004,65,20,4.63,ES,1684763234
393,bowen,-20.0167,148.2333,15.960000000000036,72,13,4.78,AU,1684763234
394,tsetserleg,47.475,101.4542,9.200000000000045,37,88,1.73,MN,1684763207
395,guerrero negro,27.9769,-114.0611,15.79000000000002,87,28,4.04,MX,1684763234
396,labuan,5.2767,115.2417,26.200000000000045,83,20,0.0,MY,1684763234
397,eenhana,-17.4667,16.3333,32.79000000000002,13,1,1.0,NA,1684763235
398,toulepleu guere,6.574,-8.4259,34.68000000000001,40,72,0.48,CI,1684763235
399,gueckedou,8.6667,-10.25,31.629999999999995,57,87,0.57,GN,1684763235
400,masaka,-0.3338,31.7341,24.55000000000001,66,9,4.26,UG,1684763235
401,essaouira,31.5125,-9.77,22.720000000000027,46,40,6.69,MA,1684763235
402,pangkalanbuun,-2.6833,111.6167,24.629999999999995,87,31,1.41,ID,1684763235
403,sisimiut,66.9395,-53.6735,-0.1099999999999568,57,6,3.29,GL,1684763235
404,itaituba,-4.2761,-55.9836,30.090000000000032,79,20,1.54,BR,1684763235
405,tabou,4.423,-7.3528,28.53000000000003,75,41,3.57,CI,1684763236
406,tadine,-21.55,167.8833,22.5,67,100,8.23,NC,1684763236
407,dudinka,69.4058,86.1778,0.9000000000000341,100,100,3.39,RU,1684763236
408,alice springs,-23.7,133.8833,7.75,76,0,3.52,AU,1684763109
409,missoula,47.0166,-113.8009,9.360000000000014,91,46,0.12,US,1684763172
410,berdigestyakh,62.0989,126.6992,-1.5399999999999636,65,1,2.21,RU,1684763236
411,kiunga,-6.1219,141.2906,22.939999999999998,94,100,1.19,PG,1684763236
412,paracuru,-3.41,-39.0306,29.5,64,47,5.54,BR,1684763237
413,kuytun,54.3419,101.5036,13.990000000000009,46,100,4.9,RU,1684763237
414,murray bridge,-35.1167,139.2667,11.740000000000009,79,6,1.78,AU,1684763237
415,posto fiscal rolim de moura,-13.0833,-62.2667,31.0,54,1,1.18,BR,1684763237
416,midvagur,62.0511,-7.1939,9.460000000000036,71,75,5.66,FO,1684763237
417,kenai,60.5544,-151.2583,1.75,93,20,2.06,US,1684763223
418,umba,66.6871,34.3429,14.140000000000043,57,100,3.41,RU,1684763237
419,plastun,44.7561,136.2939,4.850000000000023,96,8,0.76,RU,1684763237
420,kulhudhuffushi,6.6221,73.07,29.189999999999998,72,100,2.68,MV,1684763238
421,san salvador de jujuy,-24.1946,-65.2971,14.740000000000009,29,3,1.22,AR,1684763238
422,kalabo,-14.97,22.6814,31.80000000000001,16,58,2.23,ZM,1684763238
423,kilindoni,-7.9139,39.6668,27.260000000000048,77,4,4.02,TZ,1684763238
424,heves,47.6,20.2833,22.49000000000001,62,3,3.19,HU,1684763238
425,magaramkent,41.6159,48.348,21.180000000000007,59,50,3.28,RU,1684763238
426,marat,25.0701,45.4615,37.53000000000003,10,19,2.43,SA,1684763238
427,arteche,12.2645,125.4048,26.29000000000002,86,9,0.31,PH,1684763239
428,ugoofaaru,5.6667,73.0,29.28000000000003,70,81,2.07,MV,1684763239
429,sao gabriel,-30.3364,-54.32,19.890000000000043,79,51,4.03,BR,1684763239
430,dhamar,14.5427,44.4051,19.58000000000004,54,99,3.33,YE,1684763239
431,holualoa,19.6228,-155.9522,20.430000000000007,97,44,1.34,US,1684763239
432,saint-jean-de-maurienne,45.1667,6.5833,12.850000000000023,72,37,1.99,FR,1684763239
433,aswan,24.0934,32.907,41.610000000000014,8,0,3.09,EG,1684763240
434,yarmouth,41.7057,-70.2286,16.650000000000034,70,0,10.28,US,1684763240
435,polokwane,-23.9045,29.4688,20.470000000000027,49,20,5.66,ZA,1684763240
436,usinsk,65.9939,57.5281,19.129999999999995,40,10,3.97,RU,1684763240
437,dazhou,31.2159,107.5009,14.620000000000005,90,100,0.63,CN,1684763240
438,sigli,5.3848,95.9609,27.400000000000034,82,99,3.19,ID,1684763240
439,northam,51.0333,-4.2167,17.920000000000016,81,21,8.06,GB,1684763241
440,acajutla,13.5928,-89.8275,29.75,57,100,0.99,SV,1684763241
441,kilju,40.9642,129.3278,11.439999999999998,72,35,2.96,KP,1684763241
442,sur,22.5667,59.5289,34.629999999999995,46,23,1.37,OM,1684763241
443,itaberaba,-12.5275,-40.3069,28.620000000000005,47,45,2.78,BR,1684763241
444,bel ombre,-4.6167,55.4167,28.910000000000025,74,20,5.14,SC,1684763241
445,severo-yeniseyskiy,60.3725,93.0408,6.470000000000027,67,78,2.71,RU,1684763241
446,arkhangel'sk,64.5401,40.5433,22.129999999999995,26,100,2.06,RU,1684763242
447,ruovesi,61.9858,24.0571,23.230000000000018,34,81,1.49,FI,1684763242
448,yelizovo,53.1873,158.3805,2.080000000000041,86,75,6.0,RU,1684763242
449,walvis bay,-22.9575,14.5053,14.490000000000009,60,23,3.84,NA,1684763234
450,grand-bassam,5.2118,-3.7388,29.980000000000018,72,100,3.77,CI,1684763242
451,adelaide,-34.9333,138.6,11.850000000000023,80,75,2.06,AU,1684763242
452,mahanoro,-19.9,48.8,24.670000000000016,80,0,1.62,MG,1684763242
453,iwanai,42.9744,140.5089,4.75,95,2,1.66,JP,1684763242
454,yuzhno-kurilsk,44.0306,145.8556,4.939999999999998,94,64,6.49,RU,1684763243
455,brandon,27.9378,-82.2859,29.950000000000045,72,0,2.06,US,1684763243
456,chinde,26.8418,88.0763,19.220000000000027,73,19,2.59,NP,1684763243
457,east ballina,-28.8667,153.5833,9.890000000000043,81,1,2.58,AU,1684763243
458,bonthe,7.5264,-12.505,30.83000000000004,66,70,3.46,SL,1684763243
459,kavaratti,10.5669,72.642,29.900000000000034,71,92,4.54,IN,1684763243
460,namibe,-15.1961,12.1522,23.74000000000001,68,0,5.21,AO,1684763244
461,pokaran,26.9167,71.9167,38.83000000000004,16,66,5.88,IN,1684763244
462,venado tuerto,-33.7456,-61.9688,18.200000000000045,91,100,3.49,AR,1684763076
463,moussoro,13.6408,16.4901,38.210000000000036,26,59,7.07,TD,1684763244
464,inarajan village,13.2736,144.7484,28.55000000000001,93,100,9.55,GU,1684763244
465,saint augustine beach,29.8505,-81.2654,28.900000000000034,78,40,3.09,US,1684763244
466,al abyar,32.19,20.5965,21.32000000000005,58,13,8.94,LY,1684763244
467,ad dilam,23.9915,47.1627,41.23000000000002,11,3,1.45,SA,1684763244
468,kashin,57.3592,37.6081,18.850000000000023,77,100,3.99,RU,1684763245
469,altai,46.3722,96.2583,9.970000000000027,37,32,9.74,MN,1684763245
470,puerto santa,-8.9906,-78.6456,22.439999999999998,81,59,3.25,PE,1684763245
471,tindwari,25.6167,80.5333,39.93000000000001,13,10,6.89,IN,1684763246
472,znamenskoye,57.1281,73.8282,20.110000000000014,37,64,2.12,RU,1684763246
473,conceicao da barra,-18.5933,-39.7322,27.100000000000023,50,99,2.55,BR,1684763246
474,oruro,-17.9833,-67.15,1.2700000000000387,60,53,2.06,BO,1684763246
475,crane,31.3974,-102.3501,20.0,77,23,6.4,US,1684763247
476,kuanda,56.3161,116.0806,11.520000000000039,53,100,0.44,RU,1684763247
477,prozor,43.8222,17.6092,18.700000000000045,64,97,3.13,BA,1684763247
478,broken hill,-31.95,141.4333,9.460000000000036,66,0,1.54,AU,1684763247
479,dauphin,51.1494,-100.0502,8.080000000000041,71,0,1.03,CA,1684763011
480,jertih,5.7336,102.4897,25.340000000000032,92,98,1.72,MY,1684763247
481,bah,26.87,78.5975,37.960000000000036,17,37,10.51,IN,1684763248
482,acapulco de juarez,16.8634,-99.8901,26.900000000000034,78,75,2.57,MX,1684763248
483,nagqu,31.5,92.0,2.7800000000000296,23,8,2.35,CN,1684763248
484,alaghsas,17.0187,8.0168,40.94,21,100,2.06,NE,1684763248
485,tabuk,17.4189,121.4443,25.840000000000032,86,77,1.96,PH,1684763248
486,preobrazheniye,42.9019,133.9064,8.010000000000048,93,16,3.1,RU,1684763248
487,carnarvon,-24.8667,113.6333,21.80000000000001,60,57,2.67,AU,1684763249
488,serhetabat,35.2799,62.3438,31.150000000000034,21,100,5.55,TM,1684763249
489,deschutes river woods,43.9915,-121.3584,5.920000000000016,81,0,0.45,US,1684763249
490,paicandu,-23.4575,-52.0486,21.370000000000005,60,75,4.12,BR,1684763249
491,saurimo,-9.6608,20.3916,31.220000000000027,23,99,2.39,AO,1684763249
492,lautoka,-17.6167,177.4667,23.920000000000016,94,20,1.03,FJ,1684763249
493,coracora,-15.0333,-73.7833,13.0,27,0,0.24,PE,1684763249
494,paramonga,-10.6667,-77.8333,22.510000000000048,77,75,2.92,PE,1684763250
495,sarina,-21.4333,149.2167,15.340000000000032,72,98,3.54,AU,1684763250
496,port saint john's,-31.6229,29.5448,18.439999999999998,61,25,3.64,ZA,1684763250
497,labytnangi,66.6572,66.4183,16.03000000000003,55,2,4.6,RU,1684763250
498,mawu,29.5923,107.3139,13.379999999999995,94,83,0.03,CN,1684763250
499,myrina,39.8797,25.0742,20.58000000000004,60,20,6.69,GR,1684763250
500,zubova polyana,54.0771,42.8372,22.220000000000027,50,100,4.38,RU,1684763250
501,marhaura,25.9667,84.8667,34.960000000000036,18,37,2.66,IN,1684763251
502,kabalo,-6.05,26.9167,33.75,31,99,2.41,CD,1684763251
503,magadan,59.5667,150.8,2.730000000000018,89,100,1.32,RU,1684763251
504,martapura,-3.4167,114.85,23.980000000000018,85,7,1.16,ID,1684763251
505,karibib,-21.9333,15.8333,29.28000000000003,12,1,1.9,NA,1684763251
506,okhotsk,59.3833,143.3,0.8799999999999955,100,100,3.23,RU,1684763251
507,beatrice,40.2681,-96.747,18.430000000000007,67,0,2.06,US,1684763251
508,turkmenbasy,40.0222,52.9552,28.430000000000007,26,0,4.12,TM,1684763252
509,dakhla,23.6848,-15.958,22.010000000000048,53,99,8.23,EH,1684763252
510,san mariano,7.5,126.0,23.53000000000003,94,81,1.28,PH,1684763252
511,puerto colombia,10.9878,-74.9547,27.05000000000001,83,100,5.14,CO,1684763252
512,naryn,41.4287,75.9911,14.590000000000032,53,98,2.24,KG,1684763252
513,volodarskiy,46.4013,48.5409,23.970000000000027,49,8,10.22,RU,1684763252
514,moranbah,-22.0016,148.0466,12.050000000000011,64,0,2.66,AU,1684763252
515,saipan,15.1355,145.701,28.390000000000043,100,75,6.69,MP,1684763252
516,horezu,45.15,24.0167,18.850000000000023,73,63,0.29,RO,1684763257
517,kindu,-2.95,25.95,29.390000000000043,63,100,1.25,CD,1684763257
518,nurota,40.5614,65.6886,29.960000000000036,20,100,6.71,UZ,1684763258
519,bykhaw,53.5193,30.2469,21.210000000000036,63,100,0.75,BY,1684763258
520,port augusta,-32.5,137.7667,11.32000000000005,72,0,1.39,AU,1684763258
521,gorontalo,0.5412,123.0595,24.700000000000045,95,55,0.85,ID,1684763258
522,borodulikha,50.7184,80.9295,16.700000000000045,43,33,3.1,KZ,1684763258
523,uliastay,47.7417,96.8444,9.53000000000003,55,100,3.07,MN,1684763258
524,mirny,62.5353,113.9611,3.75,47,100,0.64,RU,1684763258
525,zhanaozen,43.3,52.8,27.27000000000004,34,0,4.9,KZ,1684763258
526,atlanta,33.749,-84.388,21.660000000000025,80,100,7.72,US,1684762800
527,hailar,49.2,119.7,15.720000000000027,25,5,3.68,CN,1684763258
528,doctor alberto oviedo mota,32.2275,-115.1697,18.07000000000005,42,0,2.2,MX,1684763259
529,kamina,-8.7386,24.9906,30.120000000000005,32,18,2.4,CD,1684763259
530,ola,59.5833,151.2833,3.1899999999999977,89,100,1.65,RU,1684763259
531,al quwayrah,29.8004,35.3116,30.0,15,24,9.06,JO,1684763259
532,viqueque,-8.8673,126.3658,23.850000000000023,75,92,1.97,TL,1684763259
533,valparaiso,-33.0393,-71.6273,17.78000000000003,85,100,2.06,CL,1684763259
534,la ronge,55.1001,-105.2842,7.140000000000043,70,20,0.51,CA,1684763259
535,kalevala,65.2,31.1667,23.379999999999995,30,66,3.15,RU,1684763259
536,hachinohe,40.5,141.5,13.080000000000041,78,100,3.01,JP,1684763259
537,jutai,-5.1833,-68.9,27.150000000000034,89,53,1.2,BR,1684763260
538,tual,-5.6667,132.75,27.33000000000004,82,80,10.73,ID,1684763260
539,cuajinicuilapa,16.4667,-98.4167,29.680000000000007,64,98,0.81,MX,1684763260
540,abepura,-2.6333,140.5833,24.450000000000045,78,20,0.0,ID,1684763260
541,cedeira,43.6797,-8.0209,19.439999999999998,87,85,8.47,ES,1684763260
542,hanceville,34.0607,-86.7675,22.160000000000025,77,100,3.89,US,1684763260
543,san patricio,28.017,-97.5169,24.350000000000023,80,3,3.23,US,1684763260
544,beau vallon,-20.4189,57.6953,26.79000000000002,78,40,2.06,MU,1684763260
545,tomatlan,19.9333,-105.25,27.260000000000048,63,70,0.95,MX,1684763260
546,alliance,40.9153,-81.1059,19.939999999999998,60,3,1.88,US,1684763261
547,ke-macina,13.9623,-5.3572,39.02000000000004,22,95,4.62,ML,1684763261
548,itoman,26.1247,127.6694,26.010000000000048,94,75,6.69,JP,1684763261
549,mossel bay,-34.1831,22.146,17.960000000000036,59,100,5.7,ZA,1684763261
550,mandan,46.8267,-100.8896,17.120000000000005,65,0,2.06,US,1684763076
551,bikenibeu village,1.3673,173.1241,25.980000000000018,94,75,0.0,KI,1684763261
552,nieuw amsterdam,5.8833,-55.0833,26.189999999999998,94,40,1.54,SR,1684763261
553,ust-nera,64.5667,143.2,2.340000000000032,97,100,1.89,RU,1684763261
554,pitimbu,-7.4706,-34.8086,28.33000000000004,74,19,5.66,BR,1684763261
555,ierapetra,35.01,25.7353,21.75,73,15,2.68,GR,1684763262
556,zhigalovo,54.8097,105.1578,11.850000000000023,58,96,2.01,RU,1684763262
557,hakui,36.8833,136.7833,17.120000000000005,79,100,2.4,JP,1684763262
558,khamis mushait,18.3064,42.7292,26.340000000000032,24,40,5.66,SA,1684763262
559,kingston,17.997,-76.7936,30.689999999999998,69,20,3.09,JM,1684763089
560,rangia,26.4667,91.6333,27.970000000000027,55,9,2.46,IN,1684763262
561,maceio,-9.6658,-35.7353,25.689999999999998,94,75,1.54,BR,1684763262
562,astrakhan,46.3497,48.0408,23.930000000000007,57,0,13.0,RU,1684763262
563,christchurch,-43.5333,172.6333,6.640000000000043,95,100,1.03,NZ,1684763134
564,okha,53.5739,142.9478,1.1899999999999977,93,86,3.64,RU,1684763262
565,bunyola,39.6953,2.6987,21.510000000000048,64,40,7.72,ES,1684763262
566,the dalles,45.5946,-121.1787,12.680000000000007,64,11,4.02,US,1684763262
567,trenggalek,-8.05,111.7167,23.03000000000003,92,59,1.07,ID,1684763263
568,box elder,41.5005,-112.8764,17.460000000000036,55,7,2.37,US,1684763263
569,yoakum,29.2878,-97.1519,22.360000000000014,78,2,3.04,US,1684763263
570,wingham,43.8879,-81.3114,13.550000000000011,69,13,3.96,CA,1684763263
571,ratnagiri,16.9833,73.3,28.900000000000034,79,1,6.65,IN,1684763263
572,carutapera,-1.195,-46.02,28.890000000000043,76,100,3.42,BR,1684763263
573,vadso,70.0744,29.7487,14.490000000000009,58,0,8.75,NO,1684763263
574,al qadarif,14.0349,35.3834,40.610000000000014,7,6,4.95,SD,1684763263
575,shklow,54.2108,30.2919,21.189999999999998,51,53,1.44,BY,1684763263
576,tocopilla,-22.092,-70.1979,20.910000000000025,63,1,4.18,CL,1684763264
577,prieska,-29.6641,22.7474,20.350000000000023,29,89,2.74,ZA,1684763264
578,rawson,-43.3002,-65.1023,11.210000000000036,57,48,3.69,AR,1684763191
